Id,Label
0,6
1,5
2,10
3,0
4,17
5,21
6,5
7,14
8,17
9,7
10,8
11,8
12,21
13,13
14,7
15,4
16,10
17,0
18,7
19,8
20,2
21,0
22,21
23,4
24,5
25,15
26,11
27,15
28,7
29,1
30,8
31,8
32,13
33,19
34,23
35,21
36,0
37,3
38,13
39,14
40,15
41,22
42,8
43,15
44,14
45,5
46,21
47,12
48,23
49,12
50,17
51,21
52,24
53,11
54,16
55,16
56,21
57,4
58,6
59,17
60,17
61,12
62,11
63,21
64,2
65,10
66,1
67,4
68,18
69,12
70,20
71,6
72,15
73,4
74,17
75,20
76,15
77,11
78,2
79,2
80,17
81,2
82,12
83,21
84,23
85,7
86,12
87,11
88,18
89,14
90,2
91,1
92,7
93,11
94,8
95,21
96,0
97,0
98,23
99,21
100,8
101,12
102,2
103,20
104,16
105,1
106,15
107,14
108,11
109,6
110,12
111,5
112,0
113,24
114,2
115,23
116,16
117,24
118,12
119,8
120,4
121,8
122,8
123,12
124,12
125,8
126,6
127,21
128,18
129,15
130,11
131,21
132,2
133,15
134,23
135,23
136,4
137,21
138,21
139,3
140,15
141,18
142,7
143,21
144,21
145,6
146,1
147,7
148,10
149,5
150,12
151,19
152,3
153,19
154,2
155,18
156,2
157,5
158,7
159,5
160,14
161,19
162,8
163,18
164,12
165,23
166,13
167,3
168,19
169,8
170,12
171,15
172,4
173,16
174,3
175,17
176,13
177,7
178,21
179,1
180,13
181,16
182,8
183,23
184,2
185,7
186,8
187,24
188,1
189,13
190,23
191,11
192,0
193,15
194,0
195,15
196,13
197,5
198,11
199,3
200,7
201,7
202,16
203,1
204,22
205,0
206,11
207,23
208,17
209,14
210,3
211,8
212,14
213,13
214,18
215,6
216,3
217,15
218,4
219,17
220,12
221,15
222,5
223,16
224,10
225,13
226,2
227,15
228,11
229,23
230,18
231,6
232,5
233,11
234,5
235,1
236,20
237,3
238,22
239,24
240,0
241,7
242,24
243,12
244,17
245,1
246,15
247,4
248,17
249,21
250,16
251,1
252,24
253,12
254,24
255,1
256,21
257,19
258,4
259,22
260,10
261,13
262,3
263,13
264,16
265,8
266,24
267,17
268,14
269,6
270,17
271,11
272,20
273,8
274,7
275,12
276,22
277,6
278,0
279,15
280,2
281,5
282,6
283,19
284,6
285,14
286,12
287,24
288,21
289,10
290,6
291,1
292,18
293,1
294,10
295,11
296,23
297,12
298,15
299,18
300,7
301,13
302,2
303,8
304,1
305,4
306,4
307,8
308,21
309,0
310,0
311,0
312,21
313,8
314,21
315,16
316,2
317,23
318,5
319,3
320,15
321,12
322,2
323,5
324,5
325,21
326,21
327,14
328,11
329,8
330,7
331,3
332,10
333,19
334,10
335,16
336,12
337,3
338,13
339,20
340,11
341,12
342,1
343,18
344,23
345,20
346,18
347,15
348,19
349,4
350,1
351,24
352,2
353,8
354,13
355,17
356,6
357,1
358,4
359,23
360,24
361,23
362,18
363,20
364,3
365,19
366,21
367,23
368,11
369,23
370,2
371,15
372,17
373,23
374,5
375,24
376,16
377,15
378,0
379,17
380,13
381,7
382,21
383,12
384,13
385,0
386,23
387,17
388,5
389,10
390,4
391,3
392,17
393,14
394,6
395,8
396,23
397,11
398,7
399,13
400,22
401,0
402,7
403,4
404,10
405,12
406,4
407,1
408,11
409,14
410,17
411,19
412,17
413,12
414,18
415,11
416,1
417,17
418,22
419,19
420,11
421,1
422,15
423,8
424,18
425,8
426,0
427,7
428,21
429,2
430,22
431,19
432,1
433,5
434,14
435,17
436,12
437,12
438,1
439,15
440,22
441,19
442,21
443,15
444,23
445,13
446,5
447,10
448,1
449,12
450,8
451,24
452,2
453,19
454,21
455,13
456,6
457,21
458,18
459,11
460,7
461,23
462,11
463,12
464,0
465,4
466,1
467,6
468,19
469,10
470,16
471,13
472,0
473,17
474,16
475,17
476,21
477,2
478,2
479,19
480,12
481,23
482,5
483,2
484,6
485,0
486,15
487,22
488,11
489,19
490,1
491,12
492,0
493,12
494,21
495,19
496,24
497,22
498,8
499,7
500,1
501,13
502,22
503,7
504,12
505,18
506,12
507,1
508,24
509,1
510,22
511,8
512,21
513,10
514,15
515,11
516,15
517,18
518,12
519,3
520,0
521,4
522,8
523,4
524,12
525,23
526,5
527,18
528,6
529,23
530,2
531,18
532,15
533,8
534,14
535,19
536,23
537,4
538,23
539,3
540,11
541,11
542,11
543,0
544,19
545,15
546,12
547,23
548,12
549,8
550,14
551,2
552,23
553,21
554,16
555,6
556,2
557,18
558,7
559,17
560,5
561,19
562,18
563,12
564,15
565,5
566,24
567,4
568,15
569,16
570,13
571,17
572,17
573,0
574,7
575,21
576,18
577,18
578,22
579,8
580,1
581,6
582,21
583,10
584,16
585,17
586,18
587,7
588,23
589,8
590,8
591,2
592,2
593,11
594,2
595,12
596,16
597,4
598,22
599,0
600,6
601,0
602,23
603,4
604,6
605,13
606,4
607,20
608,8
609,1
610,19
611,21
612,7
613,19
614,15
615,8
616,14
617,17
618,15
619,0
620,11
621,21
622,12
623,13
624,21
625,18
626,7
627,8
628,12
629,17
630,17
631,16
632,15
633,8
634,15
635,22
636,19
637,15
638,19
639,12
640,17
641,17
642,0
643,5
644,12
645,19
646,4
647,12
648,5
649,24
650,5
651,18
652,12
653,4
654,10
655,7
656,11
657,0
658,3
659,11
660,12
661,7
662,12
663,8
664,5
665,12
666,21
667,11
668,5
669,24
670,4
671,2
672,3
673,4
674,18
675,5
676,11
677,0
678,10
679,4
680,15
681,18
682,19
683,20
684,12
685,11
686,7
687,12
688,15
689,12
690,19
691,23
692,18
693,22
694,5
695,12
696,18
697,3
698,8
699,2
700,10
701,11
702,0
703,4
704,6
705,15
706,15
707,12
708,15
709,5
710,3
711,5
712,24
713,12
714,8
715,11
716,17
717,15
718,12
719,20
720,12
721,21
722,23
723,7
724,4
725,15
726,13
727,6
728,24
729,23
730,7
731,23
732,15
733,1
734,4
735,15
736,14
737,13
738,0
739,16
740,19
741,1
742,11
743,5
744,8
745,10
746,10
747,1
748,6
749,10
750,20
751,12
752,23
753,23
754,2
755,15
756,17
757,5
758,6
759,3
760,0
761,18
762,17
763,24
764,5
765,4
766,4
767,15
768,7
769,4
770,24
771,13
772,11
773,11
774,1
775,16
776,20
777,19
778,3
779,24
780,12
781,6
782,15
783,5
784,8
785,19
786,3
787,22
788,7
789,11
790,16
791,5
792,0
793,22
794,7
795,18
796,8
797,6
798,12
799,14
800,22
801,1
802,3
803,11
804,15
805,12
806,17
807,11
808,16
809,17
810,4
811,8
812,6
813,2
814,12
815,14
816,0
817,5
818,24
819,13
820,2
821,8
822,14
823,23
824,7
825,5
826,4
827,24
828,24
829,1
830,24
831,0
832,5
833,7
834,23
835,2
836,21
837,23
838,21
839,6
840,21
841,21
842,13
843,23
844,24
845,7
846,11
847,20
848,13
849,7
850,10
851,3
852,8
853,1
854,22
855,3
856,1
857,4
858,0
859,19
860,6
861,15
862,11
863,7
864,13
865,15
866,0
867,10
868,12
869,0
870,7
871,17
872,5
873,11
874,4
875,23
876,6
877,8
878,4
879,20
880,7
881,5
882,4
883,7
884,23
885,4
886,15
887,17
888,5
889,21
890,15
891,10
892,3
893,8
894,7
895,7
896,4
897,1
898,6
899,8
900,21
901,2
902,10
903,1
904,12
905,1
906,14
907,16
908,14
909,2
910,8
911,17
912,5
913,12
914,7
915,1
916,1
917,17
918,13
919,7
920,16
921,21
922,19
923,23
924,18
925,8
926,21
927,19
928,4
929,4
930,6
931,18
932,1
933,15
934,0
935,8
936,0
937,5
938,12
939,7
940,21
941,8
942,13
943,10
944,2
945,1
946,19
947,11
948,18
949,21
950,3
951,17
952,3
953,13
954,0
955,6
956,1
957,11
958,21
959,14
960,16
961,0
962,11
963,17
964,13
965,24
966,24
967,2
968,4
969,12
970,0
971,0
972,6
973,21
974,0
975,6
976,4
977,5
978,8
979,5
980,16
981,4
982,11
983,19
984,0
985,12
986,17
987,17
988,2
989,15
990,8
991,16
992,2
993,10
994,1
995,5
996,24
997,4
998,16
999,7
1000,3
1001,21
1002,6
1003,0
1004,4
1005,19
1006,8
1007,11
1008,23
1009,16
1010,11
1011,11
1012,1
1013,10
1014,23
1015,15
1016,1
1017,5
1018,17
1019,0
1020,21
1021,20
1022,5
1023,21
1024,24
1025,6
1026,7
1027,5
1028,11
1029,5
1030,4
1031,6
1032,8
1033,13
1034,5
1035,10
1036,19
1037,11
1038,12
1039,16
1040,10
1041,10
1042,15
1043,24
1044,0
1045,5
1046,7
1047,1
1048,10
1049,20
1050,21
1051,6
1052,15
1053,23
1054,10
1055,10
1056,1
1057,0
1058,13
1059,0
1060,1
1061,12
1062,5
1063,19
1064,16
1065,2
1066,18
1067,11
1068,24
1069,5
1070,1
1071,15
1072,7
1073,4
1074,2
1075,2
1076,0
1077,17
1078,4
1079,4
1080,4
1081,23
1082,14
1083,20
1084,21
1085,16
1086,0
1087,8
1088,24
1089,12
1090,13
1091,11
1092,12
1093,8
1094,24
1095,24
1096,17
1097,13
1098,4
1099,17
1100,7
1101,5
1102,19
1103,12
1104,11
1105,21
1106,0
1107,17
1108,16
1109,8
1110,16
1111,8
1112,11
1113,1
1114,4
1115,11
1116,7
1117,11
1118,3
1119,4
1120,10
1121,10
1122,0
1123,11
1124,7
1125,15
1126,1
1127,2
1128,18
1129,24
1130,16
1131,15
1132,22
1133,0
1134,20
1135,18
1136,13
1137,0
1138,4
1139,1
1140,12
1141,20
1142,5
1143,21
1144,11
1145,0
1146,3
1147,19
1148,2
1149,6
1150,22
1151,4
1152,11
1153,10
1154,2
1155,3
1156,13
1157,23
1158,15
1159,4
1160,5
1161,2
1162,4
1163,21
1164,10
1165,22
1166,22
1167,16
1168,11
1169,21
1170,7
1171,7
1172,8
1173,20
1174,14
1175,8
1176,5
1177,14
1178,6
1179,2
1180,19
1181,5
1182,0
1183,24
1184,18
1185,23
1186,15
1187,17
1188,4
1189,12
1190,0
1191,15
1192,11
1193,1
1194,12
1195,10
1196,8
1197,16
1198,1
1199,11
1200,17
1201,7
1202,13
1203,19
1204,7
1205,12
1206,22
1207,19
1208,4
1209,12
1210,16
1211,3
1212,18
1213,3
1214,12
1215,18
1216,3
1217,24
1218,7
1219,16
1220,20
1221,23
1222,3
1223,14
1224,21
1225,17
1226,23
1227,8
1228,24
1229,20
1230,4
1231,19
1232,10
1233,4
1234,4
1235,19
1236,0
1237,0
1238,7
1239,18
1240,0
1241,1
1242,12
1243,24
1244,15
1245,15
1246,7
1247,11
1248,8
1249,11
1250,7
1251,14
1252,2
1253,1
1254,4
1255,18
1256,5
1257,14
1258,19
1259,19
1260,1
1261,24
1262,3
1263,23
1264,2
1265,21
1266,8
1267,20
1268,2
1269,3
1270,2
1271,8
1272,10
1273,22
1274,17
1275,10
1276,19
1277,24
1278,15
1279,6
1280,11
1281,23
1282,16
1283,15
1284,10
1285,23
1286,20
1287,2
1288,19
1289,14
1290,8
1291,8
1292,3
1293,23
1294,17
1295,12
1296,8
1297,11
1298,7
1299,3
1300,15
1301,13
1302,23
1303,14
1304,7
1305,3
1306,2
1307,3
1308,0
1309,7
1310,21
1311,10
1312,7
1313,19
1314,8
1315,10
1316,5
1317,11
1318,24
1319,10
1320,11
1321,3
1322,13
1323,10
1324,7
1325,23
1326,5
1327,7
1328,8
1329,11
1330,1
1331,23
1332,0
1333,15
1334,15
1335,5
1336,4
1337,10
1338,16
1339,15
1340,6
1341,18
1342,4
1343,24
1344,19
1345,10
1346,15
1347,21
1348,23
1349,11
1350,4
1351,21
1352,14
1353,12
1354,19
1355,15
1356,23
1357,10
1358,7
1359,13
1360,16
1361,15
1362,5
1363,8
1364,16
1365,16
1366,16
1367,2
1368,5
1369,23
1370,18
1371,12
1372,1
1373,17
1374,10
1375,5
1376,24
1377,8
1378,5
1379,12
1380,4
1381,17
1382,7
1383,17
1384,18
1385,22
1386,1
1387,12
1388,21
1389,2
1390,18
1391,18
1392,4
1393,11
1394,11
1395,19
1396,23
1397,21
1398,13
1399,2
1400,17
1401,7
1402,21
1403,3
1404,12
1405,20
1406,0
1407,11
1408,11
1409,10
1410,14
1411,23
1412,15
1413,3
1414,11
1415,4
1416,24
1417,23
1418,11
1419,4
1420,19
1421,21
1422,11
1423,1
1424,2
1425,7
1426,17
1427,6
1428,1
1429,18
1430,5
1431,20
1432,1
1433,4
1434,10
1435,7
1436,5
1437,1
1438,17
1439,23
1440,2
1441,17
1442,24
1443,2
1444,0
1445,12
1446,4
1447,11
1448,19
1449,22
1450,0
1451,10
1452,17
1453,4
1454,2
1455,18
1456,15
1457,16
1458,20
1459,7
1460,21
1461,3
1462,13
1463,24
1464,18
1465,15
1466,14
1467,0
1468,0
1469,15
1470,16
1471,11
1472,12
1473,22
1474,13
1475,0
1476,10
1477,15
1478,16
1479,0
1480,2
1481,4
1482,21
1483,18
1484,2
1485,7
1486,19
1487,0
1488,1
1489,12
1490,10
1491,10
1492,12
1493,4
1494,7
1495,0
1496,23
1497,7
1498,22
1499,19
1500,12
1501,6
1502,6
1503,22
1504,23
1505,3
1506,3
1507,5
1508,0
1509,21
1510,0
1511,17
1512,19
1513,24
1514,0
1515,23
1516,0
1517,0
1518,15
1519,21
1520,23
1521,13
1522,13
1523,15
1524,12
1525,21
1526,7
1527,1
1528,2
1529,17
1530,1
1531,19
1532,7
1533,21
1534,21
1535,16
1536,8
1537,3
1538,18
1539,22
1540,4
1541,11
1542,18
1543,4
1544,16
1545,19
1546,15
1547,20
1548,23
1549,17
1550,11
1551,12
1552,3
1553,21
1554,6
1555,6
1556,8
1557,5
1558,5
1559,8
1560,22
1561,17
1562,14
1563,11
1564,10
1565,5
1566,2
1567,4
1568,2
1569,18
1570,15
1571,24
1572,7
1573,24
1574,3
1575,24
1576,5
1577,8
1578,17
1579,7
1580,23
1581,3
1582,8
1583,8
1584,16
1585,5
1586,15
1587,5
1588,22
1589,20
1590,12
1591,7
1592,21
1593,3
1594,1
1595,11
1596,21
1597,21
1598,12
1599,12
1600,24
1601,15
1602,24
1603,21
1604,4
1605,17
1606,14
1607,15
1608,10
1609,3
1610,14
1611,23
1612,5
1613,18
1614,12
1615,12
1616,7
1617,7
1618,18
1619,23
1620,13
1621,6
1622,22
1623,23
1624,19
1625,18
1626,11
1627,14
1628,11
1629,4
1630,4
1631,4
1632,18
1633,21
1634,23
1635,1
1636,24
1637,16
1638,12
1639,17
1640,17
1641,10
1642,7
1643,17
1644,0
1645,1
1646,8
1647,19
1648,20
1649,21
1650,0
1651,12
1652,24
1653,13
1654,8
1655,3
1656,17
1657,0
1658,1
1659,7
1660,7
1661,11
1662,12
1663,18
1664,11
1665,11
1666,15
1667,17
1668,5
1669,11
1670,18
1671,21
1672,18
1673,7
1674,13
1675,21
1676,21
1677,15
1678,1
1679,5
1680,14
1681,0
1682,5
1683,8
1684,4
1685,18
1686,24
1687,22
1688,8
1689,10
1690,23
1691,23
1692,13
1693,7
1694,18
1695,15
1696,11
1697,24
1698,4
1699,1
1700,7
1701,0
1702,6
1703,7
1704,20
1705,10
1706,24
1707,17
1708,12
1709,0
1710,1
1711,7
1712,11
1713,15
1714,14
1715,11
1716,15
1717,21
1718,23
1719,8
1720,8
1721,18
1722,16
1723,11
1724,1
1725,16
1726,0
1727,7
1728,19
1729,15
1730,13
1731,11
1732,21
1733,12
1734,23
1735,7
1736,18
1737,23
1738,11
1739,1
1740,1
1741,1
1742,5
1743,14
1744,17
1745,13
1746,16
1747,17
1748,8
1749,0
1750,14
1751,15
1752,22
1753,5
1754,5
1755,12
1756,2
1757,7
1758,21
1759,17
1760,0
1761,13
1762,21
1763,19
1764,0
1765,4
1766,21
1767,6
1768,2
1769,24
1770,10
1771,10
1772,13
1773,13
1774,17
1775,18
1776,15
1777,5
1778,23
1779,5
1780,24
1781,7
1782,22
1783,8
1784,6
1785,5
1786,10
1787,22
1788,5
1789,7
1790,0
1791,1
1792,3
1793,21
1794,13
1795,8
1796,21
1797,13
1798,7
1799,5
1800,21
1801,7
1802,2
1803,22
1804,21
1805,7
1806,14
1807,23
1808,19
1809,15
1810,7
1811,13
1812,1
1813,4
1814,11
1815,3
1816,12
1817,23
1818,8
1819,3
1820,12
1821,18
1822,18
1823,12
1824,2
1825,0
1826,13
1827,5
1828,21
1829,23
1830,21
1831,23
1832,15
1833,7
1834,17
1835,8
1836,12
1837,22
1838,22
1839,24
1840,15
1841,4
1842,18
1843,17
1844,12
1845,17
1846,1
1847,17
1848,14
1849,8
1850,11
1851,17
1852,24
1853,19
1854,12
1855,4
1856,6
1857,16
1858,18
1859,12
1860,17
1861,4
1862,1
1863,3
1864,3
1865,0
1866,24
1867,12
1868,2
1869,19
1870,17
1871,6
1872,12
1873,12
1874,21
1875,16
1876,1
1877,19
1878,4
1879,20
1880,8
1881,3
1882,21
1883,1
1884,23
1885,21
1886,0
1887,0
1888,4
1889,23
1890,13
1891,16
1892,23
1893,13
1894,19
1895,7
1896,23
1897,17
1898,4
1899,2
1900,17
1901,17
1902,15
1903,17
1904,14
1905,1
1906,0
1907,4
1908,1
1909,12
1910,6
1911,10
1912,11
1913,13
1914,18
1915,23
1916,21
1917,16
1918,2
1919,21
1920,2
1921,11
1922,18
1923,13
1924,5
1925,16
1926,16
1927,7
1928,4
1929,2
1930,17
1931,21
1932,14
1933,12
1934,1
1935,4
1936,5
1937,11
1938,17
1939,6
1940,7
1941,8
1942,2
1943,23
1944,8
1945,0
1946,11
1947,13
1948,4
1949,15
1950,16
1951,11
1952,11
1953,4
1954,23
1955,0
1956,21
1957,8
1958,2
1959,7
1960,17
1961,8
1962,2
1963,19
1964,20
1965,18
1966,21
1967,6
1968,23
1969,12
1970,12
1971,20
1972,4
1973,5
1974,23
1975,24
1976,0
1977,17
1978,8
1979,6
1980,7
1981,21
1982,11
1983,2
1984,0
1985,2
1986,22
1987,8
1988,4
1989,10
1990,4
1991,8
1992,18
1993,18
1994,14
1995,11
1996,18
1997,4
1998,18
1999,14
2000,2
2001,2
2002,3
2003,6
2004,24
2005,4
2006,12
2007,16
2008,23
2009,23
2010,2
2011,1
2012,15
2013,17
2014,23
2015,10
2016,19
2017,12
2018,11
2019,17
2020,4
2021,12
2022,15
2023,12
2024,8
2025,0
2026,4
2027,23
2028,12
2029,2
2030,2
2031,19
2032,18
2033,5
2034,10
2035,3
2036,23
2037,2
2038,22
2039,17
2040,15
2041,5
2042,13
2043,6
2044,21
2045,1
2046,22
2047,14
2048,6
2049,7
2050,21
2051,13
2052,8
2053,8
2054,0
2055,3
2056,14
2057,13
2058,24
2059,1
2060,20
2061,1
2062,22
2063,11
2064,20
2065,13
2066,13
2067,19
2068,2
2069,12
2070,0
2071,0
2072,7
2073,11
2074,6
2075,11
2076,17
2077,18
2078,16
2079,15
2080,11
2081,21
2082,4
2083,22
2084,19
2085,11
2086,3
2087,6
2088,13
2089,18
2090,22
2091,15
2092,1
2093,16
2094,7
2095,19
2096,6
2097,6
2098,2
2099,18
2100,12
2101,23
2102,5
2103,8
2104,13
2105,2
2106,6
2107,1
2108,3
2109,0
2110,10
2111,4
2112,5
2113,16
2114,8
2115,7
2116,19
2117,21
2118,12
2119,2
2120,19
2121,16
2122,22
2123,19
2124,5
2125,17
2126,4
2127,11
2128,3
2129,2
2130,16
2131,11
2132,16
2133,19
2134,24
2135,14
2136,24
2137,17
2138,1
2139,13
2140,24
2141,21
2142,16
2143,12
2144,16
2145,4
2146,20
2147,21
2148,4
2149,13
2150,23
2151,12
2152,12
2153,23
2154,11
2155,2
2156,15
2157,5
2158,15
2159,16
2160,12
2161,2
2162,0
2163,23
2164,21
2165,5
2166,2
2167,21
2168,23
2169,22
2170,10
2171,17
2172,1
2173,11
2174,5
2175,4
2176,12
2177,10
2178,2
2179,3
2180,6
2181,21
2182,15
2183,4
2184,19
2185,0
2186,14
2187,21
2188,8
2189,12
2190,17
2191,21
2192,11
2193,12
2194,17
2195,23
2196,11
2197,4
2198,3
2199,14
2200,1
2201,10
2202,24
2203,17
2204,24
2205,4
2206,5
2207,19
2208,23
2209,21
2210,16
2211,16
2212,16
2213,16
2214,23
2215,7
2216,7
2217,2
2218,18
2219,23
2220,15
2221,7
2222,16
2223,18
2224,0
2225,21
2226,11
2227,12
2228,24
2229,6
2230,5
2231,11
2232,13
2233,4
2234,12
2235,3
2236,6
2237,0
2238,23
2239,18
2240,19
2241,1
2242,7
2243,2
2244,0
2245,6
2246,4
2247,6
2248,5
2249,23
2250,3
2251,21
2252,8
2253,10
2254,21
2255,2
2256,0
2257,4
2258,10
2259,8
2260,19
2261,20
2262,24
2263,19
2264,18
2265,7
2266,11
2267,12
2268,17
2269,21
2270,11
2271,5
2272,2
2273,23
2274,20
2275,3
2276,8
2277,23
2278,7
2279,1
2280,3
2281,14
2282,5
2283,23
2284,2
2285,2
2286,23
2287,12
2288,23
2289,14
2290,8
2291,6
2292,18
2293,6
2294,17
2295,2
2296,11
2297,11
2298,22
2299,14
2300,0
2301,2
2302,5
2303,8
2304,16
2305,5
2306,12
2307,6
2308,17
2309,21
2310,3
2311,11
2312,10
2313,11
2314,13
2315,15
2316,10
2317,4
2318,12
2319,5
2320,2
2321,10
2322,17
2323,0
2324,22
2325,23
2326,23
2327,23
2328,21
2329,8
2330,8
2331,17
2332,13
2333,24
2334,21
2335,3
2336,8
2337,10
2338,12
2339,18
2340,11
2341,12
2342,11
2343,13
2344,13
2345,12
2346,16
2347,3
2348,11
2349,18
2350,0
2351,12
2352,18
2353,5
2354,16
2355,23
2356,13
2357,12
2358,10
2359,4
2360,12
2361,16
2362,7
2363,7
2364,20
2365,20
2366,14
2367,1
2368,11
2369,7
2370,2
2371,1
2372,11
2373,15
2374,11
2375,24
2376,2
2377,1
2378,12
2379,13
2380,4
2381,11
2382,6
2383,6
2384,15
2385,15
2386,11
2387,21
2388,13
2389,4
2390,24
2391,1
2392,10
2393,20
2394,24
2395,18
2396,15
2397,8
2398,6
2399,5
2400,10
2401,17
2402,16
2403,7
2404,11
2405,17
2406,7
2407,24
2408,14
2409,2
2410,11
2411,5
2412,2
2413,10
2414,13
2415,21
2416,16
2417,18
2418,21
2419,19
2420,2
2421,5
2422,15
2423,2
2424,18
2425,10
2426,19
2427,5
2428,21
2429,10
2430,14
2431,12
2432,7
2433,13
2434,17
2435,15
2436,2
2437,17
2438,4
2439,7
2440,13
2441,1
2442,15
2443,0
2444,5
2445,2
2446,10
2447,4
2448,7
2449,8
2450,3
2451,21
2452,3
2453,21
2454,21
2455,11
2456,4
2457,11
2458,4
2459,22
2460,1
2461,15
2462,23
2463,8
2464,11
2465,4
2466,5
2467,23
2468,22
2469,2
2470,4
2471,15
2472,5
2473,24
2474,12
2475,24
2476,12
2477,12
2478,15
2479,15
2480,11
2481,23
2482,12
2483,5
2484,18
2485,2
2486,0
2487,13
2488,11
2489,6
2490,10
2491,11
2492,21
2493,19
2494,7
2495,16
2496,5
2497,15
2498,10
2499,0
2500,12
2501,3
2502,11
2503,5
2504,8
2505,21
2506,4
2507,11
2508,5
2509,18
2510,17
2511,22
2512,20
2513,14
2514,15
2515,1
2516,11
2517,7
2518,17
2519,4
2520,11
2521,4
2522,11
2523,3
2524,3
2525,2
2526,8
2527,4
2528,10
2529,11
2530,13
2531,1
2532,17
2533,23
2534,13
2535,20
2536,12
2537,13
2538,4
2539,12
2540,10
2541,10
2542,3
2543,22
2544,11
2545,14
2546,17
2547,23
2548,11
2549,23
2550,16
2551,24
2552,12
2553,12
2554,24
2555,6
2556,11
2557,21
2558,8
2559,22
2560,17
2561,15
2562,18
2563,24
2564,8
2565,0
2566,16
2567,0
2568,17
2569,11
2570,3
2571,23
2572,6
2573,7
2574,0
2575,12
2576,18
2577,14
2578,14
2579,13
2580,13
2581,11
2582,18
2583,0
2584,4
2585,10
2586,7
2587,16
2588,16
2589,23
2590,17
2591,21
2592,23
2593,3
2594,19
2595,8
2596,11
2597,18
2598,0
2599,18
2600,16
2601,18
2602,6
2603,4
2604,6
2605,3
2606,11
2607,12
2608,19
2609,2
2610,6
2611,4
2612,23
2613,12
2614,15
2615,20
2616,7
2617,17
2618,13
2619,4
2620,20
2621,0
2622,0
2623,5
2624,5
2625,11
2626,18
2627,18
2628,10
2629,0
2630,7
2631,6
2632,8
2633,6
2634,15
2635,11
2636,2
2637,15
2638,7
2639,19
2640,7
2641,8
2642,12
2643,10
2644,5
2645,0
2646,15
2647,21
2648,2
2649,6
2650,11
2651,21
2652,18
2653,1
2654,14
2655,19
2656,20
2657,12
2658,7
2659,18
2660,10
2661,11
2662,12
2663,1
2664,10
2665,22
2666,24
2667,14
2668,6
2669,17
2670,16
2671,18
2672,6
2673,7
2674,18
2675,14
2676,19
2677,12
2678,23
2679,17
2680,13
2681,19
2682,5
2683,0
2684,17
2685,8
2686,11
2687,4
2688,6
2689,8
2690,4
2691,1
2692,4
2693,4
2694,24
2695,17
2696,14
2697,0
2698,0
2699,17
2700,13
2701,16
2702,8
2703,2
2704,20
2705,5
2706,4
2707,11
2708,8
2709,18
2710,14
2711,3
2712,15
2713,2
2714,4
2715,22
2716,20
2717,19
2718,2
2719,15
2720,10
2721,5
2722,3
2723,0
2724,12
2725,18
2726,18
2727,17
2728,21
2729,16
2730,2
2731,18
2732,4
2733,4
2734,23
2735,14
2736,12
2737,0
2738,18
2739,12
2740,4
2741,4
2742,13
2743,12
2744,5
2745,17
2746,17
2747,15
2748,8
2749,16
2750,20
2751,24
2752,20
2753,13
2754,14
2755,4
2756,6
2757,0
2758,12
2759,3
2760,5
2761,18
2762,24
2763,18
2764,23
2765,13
2766,23
2767,12
2768,18
2769,7
2770,13
2771,0
2772,15
2773,21
2774,4
2775,5
2776,3
2777,10
2778,13
2779,10
2780,16
2781,0
2782,15
2783,4
2784,2
2785,7
2786,23
2787,12
2788,8
2789,3
2790,21
2791,23
2792,24
2793,8
2794,11
2795,8
2796,23
2797,7
2798,17
2799,12
2800,8
2801,24
2802,11
2803,23
2804,16
2805,0
2806,13
2807,15
2808,24
2809,5
2810,12
2811,8
2812,10
2813,7
2814,19
2815,7
2816,11
2817,2
2818,4
2819,18
2820,17
2821,17
2822,12
2823,11
2824,4
2825,3
2826,6
2827,7
2828,12
2829,2
2830,18
2831,12
2832,21
2833,19
2834,10
2835,20
2836,2
2837,15
2838,4
2839,24
2840,3
2841,12
2842,15
2843,11
2844,0
2845,4
2846,12
2847,17
2848,15
2849,15
2850,1
2851,1
2852,17
2853,21
2854,8
2855,2
2856,10
2857,12
2858,7
2859,3
2860,19
2861,15
2862,16
2863,4
2864,13
2865,4
2866,24
2867,18
2868,8
2869,10
2870,12
2871,0
2872,2
2873,1
2874,7
2875,24
2876,12
2877,10
2878,23
2879,17
2880,6
2881,6
2882,16
2883,19
2884,8
2885,2
2886,15
2887,5
2888,5
2889,17
2890,12
2891,16
2892,20
2893,0
2894,1
2895,23
2896,16
2897,4
2898,17
2899,0
2900,1
2901,0
2902,4
2903,8
2904,6
2905,13
2906,1
2907,20
2908,4
2909,2
2910,7
2911,1
2912,7
2913,17
2914,21
2915,15
2916,20
2917,21
2918,11
2919,0
2920,2
2921,21
2922,21
2923,11
2924,10
2925,13
2926,5
2927,0
2928,17
2929,12
2930,10
2931,11
2932,21
2933,10
2934,17
2935,10
2936,10
2937,12
2938,21
2939,1
2940,3
2941,17
2942,14
2943,8
2944,4
2945,0
2946,5
2947,8
2948,0
2949,18
2950,21
2951,12
2952,17
2953,14
2954,15
2955,17
2956,6
2957,3
2958,24
2959,23
2960,6
2961,7
2962,23
2963,11
2964,0
2965,1
2966,5
2967,0
2968,22
2969,12
2970,18
2971,10
2972,7
2973,21
2974,13
2975,17
2976,5
2977,16
2978,21
2979,21
2980,13
2981,12
2982,18
2983,11
2984,7
2985,5
2986,10
2987,8
2988,16
2989,21
2990,12
2991,2
2992,17
2993,21
2994,8
2995,11
2996,12
2997,0
2998,18
2999,10
3000,24
3001,1
3002,15
3003,21
3004,17
3005,17
3006,11
3007,13
3008,10
3009,11
3010,0
3011,10
3012,0
3013,13
3014,14
3015,8
3016,11
3017,12
3018,5
3019,11
3020,3
3021,8
3022,0
3023,22
3024,10
3025,15
3026,10
3027,3
3028,3
3029,17
3030,16
3031,10
3032,24
3033,17
3034,20
3035,12
3036,21
3037,3
3038,18
3039,13
3040,22
3041,5
3042,10
3043,2
3044,13
3045,17
3046,1
3047,4
3048,11
3049,11
3050,0
3051,3
3052,10
3053,20
3054,22
3055,23
3056,0
3057,24
3058,5
3059,17
3060,10
3061,5
3062,7
3063,15
3064,2
3065,19
3066,18
3067,13
3068,1
3069,17
3070,1
3071,2
3072,24
3073,17
3074,11
3075,21
3076,12
3077,16
3078,11
3079,13
3080,10
3081,22
3082,18
3083,14
3084,7
3085,10
3086,23
3087,17
3088,12
3089,1
3090,5
3091,5
3092,10
3093,23
3094,10
3095,4
3096,21
3097,5
3098,5
3099,23
3100,1
3101,11
3102,8
3103,13
3104,15
3105,7
3106,4
3107,4
3108,16
3109,5
3110,4
3111,21
3112,8
3113,18
3114,0
3115,14
3116,12
3117,0
3118,18
3119,5
3120,12
3121,12
3122,3
3123,12
3124,15
3125,18
3126,2
3127,16
3128,22
3129,12
3130,11
3131,7
3132,24
3133,22
3134,7
3135,13
3136,12
3137,6
3138,21
3139,17
3140,17
3141,11
3142,1
3143,12
3144,15
3145,15
3146,16
3147,22
3148,6
3149,19
3150,8
3151,24
3152,13
3153,15
3154,11
3155,3
3156,1
3157,8
3158,4
3159,7
3160,17
3161,17
3162,5
3163,12
3164,16
3165,4
3166,23
3167,23
3168,3
3169,7
3170,13
3171,5
3172,7
3173,16
3174,24
3175,21
3176,21
3177,23
3178,8
3179,22
3180,16
3181,24
3182,8
3183,10
3184,0
3185,8
3186,5
3187,4
3188,23
3189,7
3190,4
3191,15
3192,23
3193,12
3194,21
3195,10
3196,4
3197,3
3198,20
3199,3
3200,11
3201,4
3202,10
3203,19
3204,0
3205,8
3206,7
3207,17
3208,21
3209,11
3210,3
3211,24
3212,23
3213,1
3214,7
3215,22
3216,11
3217,2
3218,24
3219,4
3220,2
3221,7
3222,4
3223,16
3224,3
3225,15
3226,8
3227,23
3228,18
3229,13
3230,1
3231,0
3232,10
3233,8
3234,0
3235,16
3236,21
3237,16
3238,4
3239,3
3240,7
3241,16
3242,12
3243,22
3244,5
3245,10
3246,23
3247,8
3248,21
3249,16
3250,18
3251,23
3252,15
3253,13
3254,12
3255,16
3256,7
3257,12
3258,1
3259,11
3260,21
3261,0
3262,11
3263,2
3264,6
3265,12
3266,2
3267,10
3268,0
3269,16
3270,5
3271,24
3272,7
3273,2
3274,1
3275,2
3276,4
3277,5
3278,21
3279,4
3280,7
3281,4
3282,17
3283,3
3284,13
3285,23
3286,7
3287,10
3288,1
3289,2
3290,5
3291,12
3292,17
3293,5
3294,17
3295,20
3296,3
3297,11
3298,4
3299,23
3300,10
3301,1
3302,2
3303,2
3304,12
3305,8
3306,5
3307,0
3308,15
3309,11
3310,20
3311,11
3312,0
3313,1
3314,10
3315,14
3316,12
3317,12
3318,11
3319,15
3320,10
3321,2
3322,1
3323,11
3324,1
3325,0
3326,22
3327,8
3328,8
3329,2
3330,18
3331,16
3332,21
3333,19
3334,1
3335,0
3336,2
3337,1
3338,4
3339,10
3340,23
3341,22
3342,19
3343,12
3344,1
3345,20
3346,4
3347,14
3348,14
3349,13
3350,23
3351,7
3352,2
3353,22
3354,18
3355,14
3356,15
3357,12
3358,3
3359,1
3360,10
3361,5
3362,1
3363,1
3364,21
3365,16
3366,1
3367,18
3368,21
3369,19
3370,21
3371,19
3372,21
3373,11
3374,19
3375,18
3376,21
3377,11
3378,23
3379,5
3380,0
3381,1
3382,7
3383,12
3384,17
3385,13
3386,23
3387,19
3388,8
3389,17
3390,8
3391,23
3392,4
3393,1
3394,17
3395,24
3396,17
3397,13
3398,5
3399,21
3400,6
3401,21
3402,24
3403,24
3404,5
3405,12
3406,11
3407,17
3408,14
3409,5
3410,2
3411,23
3412,17
3413,23
3414,18
3415,19
3416,2
3417,21
3418,10
3419,2
3420,3
3421,11
3422,8
3423,4
3424,17
3425,23
3426,17
3427,15
3428,8
3429,21
3430,0
3431,8
3432,20
3433,23
3434,5
3435,2
3436,23
3437,11
3438,7
3439,5
3440,16
3441,1
3442,7
3443,17
3444,17
3445,10
3446,4
3447,13
3448,15
3449,18
3450,21
3451,17
3452,12
3453,5
3454,4
3455,10
3456,12
3457,13
3458,12
3459,8
3460,0
3461,23
3462,6
3463,5
3464,15
3465,5
3466,11
3467,10
3468,3
3469,7
3470,19
3471,22
3472,1
3473,21
3474,1
3475,3
3476,21
3477,18
3478,11
3479,1
3480,12
3481,16
3482,22
3483,10
3484,23
3485,0
3486,20
3487,24
3488,1
3489,3
3490,11
3491,13
3492,19
3493,17
3494,3
3495,7
3496,18
3497,14
3498,10
3499,14
3500,3
3501,16
3502,15
3503,7
3504,11
3505,6
3506,24
3507,14
3508,17
3509,3
3510,10
3511,6
3512,17
3513,11
3514,15
3515,5
3516,15
3517,3
3518,12
3519,16
3520,10
3521,17
3522,5
3523,8
3524,20
3525,5
3526,14
3527,18
3528,10
3529,8
3530,6
3531,4
3532,15
3533,12
3534,12
3535,17
3536,4
3537,5
3538,8
3539,4
3540,24
3541,24
3542,10
3543,15
3544,1
3545,3
3546,19
3547,11
3548,14
3549,4
3550,18
3551,12
3552,0
3553,8
3554,14
3555,5
3556,11
3557,5
3558,1
3559,2
3560,11
3561,17
3562,21
3563,7
3564,10
3565,4
3566,5
3567,5
3568,6
3569,19
3570,14
3571,21
3572,8
3573,2
3574,4
3575,7
3576,10
3577,11
3578,12
3579,1
3580,12
3581,16
3582,15
3583,24
3584,7
3585,14
3586,15
3587,2
3588,19
3589,17
3590,8
3591,19
3592,19
3593,17
3594,16
3595,21
3596,16
3597,17
3598,10
3599,19
3600,11
3601,13
3602,15
3603,11
3604,15
3605,10
3606,18
3607,4
3608,8
3609,7
3610,17
3611,19
3612,12
3613,17
3614,17
3615,16
3616,24
3617,14
3618,15
3619,21
3620,0
3621,21
3622,10
3623,6
3624,24
3625,17
3626,4
3627,23
3628,6
3629,13
3630,12
3631,10
3632,3
3633,17
3634,10
3635,13
3636,17
3637,23
3638,1
3639,5
3640,16
3641,22
3642,21
3643,21
3644,8
3645,6
3646,6
3647,11
3648,18
3649,8
3650,21
3651,17
3652,1
3653,4
3654,2
3655,0
3656,21
3657,13
3658,13
3659,17
3660,7
3661,6
3662,15
3663,24
3664,7
3665,22
3666,13
3667,2
3668,18
3669,12
3670,7
3671,24
3672,12
3673,11
3674,17
3675,0
3676,15
3677,18
3678,0
3679,7
3680,6
3681,5
3682,7
3683,0
3684,3
3685,12
3686,24
3687,15
3688,12
3689,23
3690,6
3691,13
3692,5
3693,0
3694,18
3695,11
3696,2
3697,11
3698,4
3699,7
3700,15
3701,4
3702,0
3703,16
3704,3
3705,8
3706,15
3707,4
3708,2
3709,3
3710,17
3711,19
3712,17
3713,18
3714,2
3715,13
3716,15
3717,11
3718,19
3719,24
3720,6
3721,5
3722,18
3723,5
3724,4
3725,21
3726,17
3727,21
3728,23
3729,22
3730,18
3731,1
3732,7
3733,5
3734,2
3735,21
3736,20
3737,12
3738,1
3739,21
3740,8
3741,11
3742,4
3743,3
3744,17
3745,17
3746,14
3747,8
3748,8
3749,4
3750,8
3751,24
3752,7
3753,13
3754,8
3755,8
3756,16
3757,6
3758,12
3759,3
3760,0
3761,19
3762,18
3763,12
3764,4
3765,20
3766,0
3767,4
3768,0
3769,11
3770,23
3771,11
3772,0
3773,11
3774,11
3775,6
3776,5
3777,7
3778,7
3779,7
3780,18
3781,17
3782,17
3783,23
3784,12
3785,1
3786,16
3787,12
3788,21
3789,18
3790,24
3791,18
3792,10
3793,8
3794,15
3795,1
3796,5
3797,17
3798,13
3799,24
3800,8
3801,8
3802,5
3803,17
3804,23
3805,12
3806,3
3807,24
3808,11
3809,6
3810,7
3811,7
3812,6
3813,8
3814,10
3815,21
3816,0
3817,8
3818,8
3819,8
3820,5
3821,22
3822,12
3823,8
3824,8
3825,12
3826,4
3827,17
3828,24
3829,3
3830,6
3831,23
3832,4
3833,4
3834,1
3835,21
3836,8
3837,15
3838,13
3839,17
3840,24
3841,3
3842,10
3843,18
3844,16
3845,12
3846,7
3847,6
3848,1
3849,13
3850,12
3851,12
3852,0
3853,3
3854,12
3855,22
3856,4
3857,21
3858,0
3859,0
3860,13
3861,16
3862,16
3863,1
3864,12
3865,8
3866,12
3867,23
3868,12
3869,5
3870,7
3871,1
3872,15
3873,23
3874,18
3875,16
3876,15
3877,24
3878,3
3879,7
3880,4
3881,22
3882,24
3883,21
3884,15
3885,21
3886,8
3887,19
3888,1
3889,13
3890,24
3891,14
3892,19
3893,7
3894,13
3895,3
3896,1
3897,23
3898,12
3899,6
3900,8
3901,8
3902,16
3903,0
3904,8
3905,22
3906,4
3907,6
3908,13
3909,3
3910,0
3911,0
3912,4
3913,1
3914,0
3915,8
3916,1
3917,19
3918,15
3919,4
3920,2
3921,4
3922,21
3923,24
3924,17
3925,14
3926,12
3927,23
3928,16
3929,6
3930,0
3931,11
3932,11
3933,10
3934,8
3935,12
3936,7
3937,2
3938,1
3939,16
3940,4
3941,2
3942,0
3943,14
3944,15
3945,12
3946,6
3947,4
3948,15
3949,5
3950,21
3951,7
3952,1
3953,8
3954,2
3955,14
3956,0
3957,8
3958,23
3959,11
3960,17
3961,15
3962,4
3963,8
3964,2
3965,0
3966,5
3967,6
3968,10
3969,15
3970,23
3971,10
3972,23
3973,10
3974,13
3975,13
3976,23
3977,13
3978,19
3979,16
3980,20
3981,5
3982,21
3983,8
3984,20
3985,20
3986,11
3987,6
3988,8
3989,4
3990,6
3991,11
3992,7
3993,11
3994,5
3995,23
3996,4
3997,13
3998,22
3999,5
4000,21
4001,11
4002,16
4003,21
4004,0
4005,22
4006,24
4007,14
4008,15
4009,11
4010,15
4011,23
4012,12
4013,18
4014,15
4015,5
4016,5
4017,1
4018,1
4019,6
4020,20
4021,19
4022,21
4023,4
4024,1
4025,10
4026,23
4027,11
4028,19
4029,18
4030,5
4031,21
4032,5
4033,12
4034,7
4035,19
4036,5
4037,11
4038,21
4039,0
4040,6
4041,21
4042,13
4043,24
4044,1
4045,11
4046,16
4047,12
4048,22
4049,14
4050,18
4051,7
4052,2
4053,15
4054,8
4055,6
4056,11
4057,5
4058,15
4059,4
4060,0
4061,10
4062,2
4063,16
4064,7
4065,4
4066,20
4067,13
4068,8
4069,24
4070,0
4071,2
4072,7
4073,11
4074,12
4075,2
4076,1
4077,11
4078,6
4079,3
4080,4
4081,0
4082,1
4083,20
4084,13
4085,4
4086,8
4087,22
4088,13
4089,11
4090,18
4091,3
4092,17
4093,8
4094,23
4095,8
4096,4
4097,16
4098,17
4099,7
4100,17
4101,6
4102,23
4103,8
4104,0
4105,17
4106,15
4107,13
4108,18
4109,23
4110,17
4111,5
4112,23
4113,16
4114,13
4115,8
4116,8
4117,10
4118,23
4119,23
4120,6
4121,3
4122,10
4123,11
4124,16
4125,16
4126,0
4127,3
4128,7
4129,23
4130,10
4131,24
4132,2
4133,21
4134,8
4135,0
4136,13
4137,21
4138,1
4139,21
4140,0
4141,5
4142,2
4143,13
4144,23
4145,13
4146,10
4147,6
4148,8
4149,24
4150,21
4151,5
4152,22
4153,0
4154,17
4155,21
4156,4
4157,11
4158,17
4159,23
4160,23
4161,5
4162,6
4163,1
4164,18
4165,23
4166,17
4167,15
4168,1
4169,12
4170,8
4171,19
4172,11
4173,17
4174,8
4175,18
4176,1
4177,1
4178,3
4179,22
4180,8
4181,11
4182,12
4183,19
4184,17
4185,12
4186,6
4187,19
4188,5
4189,4
4190,7
4191,4
4192,7
4193,18
4194,15
4195,4
4196,7
4197,15
4198,2
4199,2
4200,4
4201,3
4202,11
4203,4
4204,14
4205,19
4206,0
4207,7
4208,23
4209,0
4210,17
4211,11
4212,11
4213,4
4214,13
4215,11
4216,4
4217,1
4218,4
4219,8
4220,7
4221,12
4222,21
4223,17
4224,11
4225,21
4226,18
4227,13
4228,2
4229,2
4230,3
4231,22
4232,13
4233,19
4234,20
4235,17
4236,11
4237,13
4238,18
4239,18
4240,21
4241,17
4242,1
4243,15
4244,15
4245,8
4246,8
4247,0
4248,8
4249,12
4250,0
4251,6
4252,4
4253,12
4254,1
4255,24
4256,17
4257,11
4258,17
4259,0
4260,6
4261,23
4262,8
4263,6
4264,10
4265,5
4266,0
4267,23
4268,2
4269,3
4270,16
4271,1
4272,11
4273,0
4274,8
4275,10
4276,0
4277,6
4278,12
4279,15
4280,2
4281,3
4282,3
4283,23
4284,18
4285,24
4286,8
4287,4
4288,4
4289,8
4290,19
4291,4
4292,10
4293,12
4294,5
4295,14
4296,21
4297,2
4298,5
4299,8
4300,7
4301,19
4302,17
4303,17
4304,19
4305,7
4306,12
4307,17
4308,23
4309,18
4310,3
4311,2
4312,8
4313,12
4314,19
4315,11
4316,15
4317,1
4318,12
4319,14
4320,2
4321,1
4322,18
4323,12
4324,11
4325,16
4326,10
4327,12
4328,16
4329,15
4330,16
4331,14
4332,13
4333,4
4334,12
4335,7
4336,15
4337,8
4338,5
4339,15
4340,0
4341,11
4342,8
4343,17
4344,4
4345,21
4346,2
4347,6
4348,20
4349,0
4350,5
4351,20
4352,8
4353,12
4354,8
4355,11
4356,21
4357,12
4358,24
4359,21
4360,10
4361,19
4362,23
4363,17
4364,6
4365,3
4366,18
4367,5
4368,2
4369,7
4370,10
4371,20
4372,13
4373,21
4374,23
4375,22
4376,6
4377,0
4378,2
4379,0
4380,11
4381,0
4382,12
4383,13
4384,21
4385,2
4386,1
4387,23
4388,7
4389,13
4390,21
4391,13
4392,16
4393,12
4394,4
4395,6
4396,15
4397,17
4398,8
4399,22
4400,6
4401,1
4402,13
4403,21
4404,13
4405,23
4406,3
4407,3
4408,16
4409,13
4410,0
4411,0
4412,12
4413,8
4414,19
4415,20
4416,16
4417,1
4418,17
4419,21
4420,5
4421,17
4422,24
4423,11
4424,8
4425,15
4426,7
4427,2
4428,7
4429,8
4430,13
4431,15
4432,14
4433,12
4434,12
4435,4
4436,18
4437,16
4438,17
4439,24
4440,3
4441,17
4442,11
4443,1
4444,18
4445,2
4446,15
4447,7
4448,23
4449,12
4450,12
4451,12
4452,3
4453,6
4454,22
4455,17
4456,15
4457,11
4458,1
4459,12
4460,11
4461,8
4462,18
4463,13
4464,11
4465,4
4466,1
4467,23
4468,24
4469,8
4470,17
4471,2
4472,19
4473,24
4474,10
4475,16
4476,1
4477,24
4478,7
4479,10
4480,7
4481,19
4482,12
4483,18
4484,7
4485,15
4486,18
4487,7
4488,13
4489,1
4490,23
4491,11
4492,19
4493,8
4494,21
4495,16
4496,12
4497,6
4498,7
4499,15
4500,7
4501,18
4502,16
4503,6
4504,18
4505,11
4506,23
4507,23
4508,12
4509,11
4510,4
4511,3
4512,18
4513,14
4514,6
4515,21
4516,2
4517,0
4518,8
4519,15
4520,10
4521,8
4522,12
4523,18
4524,5
4525,10
4526,4
4527,10
4528,3
4529,18
4530,12
4531,23
4532,22
4533,1
4534,16
4535,2
4536,23
4537,0
4538,3
4539,4
4540,13
4541,21
4542,18
4543,11
4544,17
4545,2
4546,3
4547,5
4548,23
4549,2
4550,19
4551,17
4552,23
4553,15
4554,7
4555,4
4556,4
4557,2
4558,13
4559,12
4560,5
4561,13
4562,16
4563,6
4564,17
4565,19
4566,3
4567,10
4568,15
4569,16
4570,8
4571,1
4572,4
4573,3
4574,1
4575,7
4576,8
4577,15
4578,24
4579,5
4580,6
4581,15
4582,12
4583,19
4584,5
4585,11
4586,19
4587,16
4588,8
4589,19
4590,4
4591,0
4592,2
4593,3
4594,17
4595,2
4596,13
4597,18
4598,6
4599,22
4600,16
4601,19
4602,10
4603,0
4604,11
4605,20
4606,23
4607,0
4608,0
4609,18
4610,7
4611,8
4612,12
4613,16
4614,4
4615,21
4616,17
4617,17
4618,13
4619,17
4620,16
4621,4
4622,16
4623,11
4624,6
4625,8
4626,10
4627,7
4628,7
4629,21
4630,22
4631,13
4632,8
4633,8
4634,21
4635,6
4636,8
4637,10
4638,17
4639,19
4640,0
4641,24
4642,18
4643,7
4644,19
4645,4
4646,0
4647,5
4648,12
4649,0
4650,17
4651,14
4652,17
4653,3
4654,6
4655,2
4656,5
4657,17
4658,15
4659,1
4660,2
4661,12
4662,5
4663,13
4664,15
4665,3
4666,5
4667,6
4668,12
4669,2
4670,12
4671,1
4672,23
4673,7
4674,13
4675,10
4676,2
4677,3
4678,13
4679,20
4680,22
4681,12
4682,5
4683,17
4684,17
4685,21
4686,7
4687,19
4688,15
4689,23
4690,8
4691,12
4692,12
4693,6
4694,0
4695,12
4696,17
4697,18
4698,16
4699,4
4700,13
4701,8
4702,19
4703,16
4704,5
4705,8
4706,23
4707,1
4708,15
4709,21
4710,0
4711,6
4712,14
4713,12
4714,11
4715,1
4716,23
4717,6
4718,21
4719,19
4720,12
4721,0
4722,14
4723,23
4724,4
4725,23
4726,4
4727,8
4728,6
4729,16
4730,16
4731,3
4732,23
4733,17
4734,16
4735,12
4736,18
4737,19
4738,22
4739,5
4740,5
4741,11
4742,8
4743,5
4744,2
4745,19
4746,21
4747,8
4748,1
4749,0
4750,7
4751,4
4752,12
4753,17
4754,0
4755,20
4756,15
4757,15
4758,2
4759,3
4760,24
4761,0
4762,12
4763,15
4764,19
4765,1
4766,2
4767,15
4768,22
4769,12
4770,14
4771,3
4772,15
4773,18
4774,15
4775,7
4776,4
4777,22
4778,10
4779,10
4780,0
4781,17
4782,15
4783,18
4784,18
4785,2
4786,21
4787,6
4788,21
4789,6
4790,13
4791,7
4792,7
4793,11
4794,17
4795,10
4796,5
4797,13
4798,4
4799,12
4800,12
4801,23
4802,21
4803,15
4804,4
4805,7
4806,0
4807,23
4808,21
4809,5
4810,12
4811,5
4812,2
4813,15
4814,18
4815,13
4816,19
4817,3
4818,2
4819,10
4820,23
4821,13
4822,15
4823,7
4824,11
4825,8
4826,3
4827,7
4828,8
4829,10
4830,11
4831,5
4832,17
4833,15
4834,11
4835,17
4836,12
4837,4
4838,10
4839,12
4840,15
4841,15
4842,6
4843,12
4844,3
4845,23
4846,17
4847,16
4848,3
4849,24
4850,4
4851,21
4852,1
4853,1
4854,13
4855,17
4856,1
4857,24
4858,23
4859,2
4860,7
4861,3
4862,5
4863,5
4864,23
4865,23
4866,0
4867,11
4868,17
4869,6
4870,2
4871,4
4872,12
4873,20
4874,1
4875,19
4876,23
4877,5
4878,8
4879,13
4880,5
4881,10
4882,11
4883,16
4884,7
4885,21
4886,20
4887,11
4888,0
4889,2
4890,6
4891,6
4892,12
4893,12
4894,6
4895,12
4896,18
4897,8
4898,23
4899,8
4900,10
4901,12
4902,4
4903,4
4904,21
4905,12
4906,1
4907,0
4908,23
4909,22
4910,17
4911,18
4912,23
4913,15
4914,15
4915,16
4916,23
4917,3
4918,8
4919,8
4920,15
4921,17
4922,1
4923,7
4924,23
4925,3
4926,8
4927,10
4928,13
4929,22
4930,14
4931,6
4932,12
4933,12
4934,17
4935,13
4936,11
4937,8
4938,3
4939,11
4940,12
4941,11
4942,4
4943,19
4944,20
4945,5
4946,4
4947,23
4948,11
4949,5
4950,16
4951,17
4952,1
4953,17
4954,7
4955,19
4956,7
4957,22
4958,12
4959,4
4960,17
4961,17
4962,14
4963,21
4964,5
4965,2
4966,7
4967,0
4968,17
4969,10
4970,3
4971,7
4972,6
4973,13
4974,8
4975,5
4976,14
4977,6
4978,19
4979,13
4980,10
4981,10
4982,8
4983,11
4984,15
4985,23
4986,17
4987,15
4988,16
4989,1
4990,19
4991,15
4992,12
4993,5
4994,16
4995,6
4996,2
4997,10
4998,5
4999,13
5000,24
5001,16
5002,11
5003,19
5004,2
5005,0
5006,13
5007,3
5008,23
5009,2
5010,1
5011,2
5012,0
5013,15
5014,8
5015,23
5016,16
5017,19
5018,0
5019,24
5020,7
5021,16
5022,11
5023,19
5024,10
5025,7
5026,2
5027,2
5028,12
5029,4
5030,15
5031,17
5032,18
5033,18
5034,3
5035,21
5036,23
5037,12
5038,6
5039,2
5040,4
5041,1
5042,5
5043,11
5044,12
5045,0
5046,12
5047,5
5048,5
5049,8
5050,14
5051,8
5052,4
5053,17
5054,8
5055,5
5056,2
5057,0
5058,6
5059,8
5060,12
5061,11
5062,0
5063,11
5064,2
5065,20
5066,16
5067,16
5068,20
5069,1
5070,11
5071,11
5072,10
5073,18
5074,0
5075,12
5076,22
5077,20
5078,15
5079,17
5080,13
5081,0
5082,0
5083,2
5084,11
5085,16
5086,13
5087,16
5088,23
5089,16
5090,8
5091,14
5092,12
5093,7
5094,7
5095,14
5096,2
5097,16
5098,11
5099,3
5100,18
5101,18
5102,15
5103,13
5104,3
5105,20
5106,8
5107,12
5108,23
5109,10
5110,14
5111,21
5112,4
5113,10
5114,1
5115,10
5116,3
5117,8
5118,18
5119,6
5120,8
5121,1
5122,15
5123,17
5124,4
5125,23
5126,7
5127,2
5128,13
5129,7
5130,23
5131,2
5132,12
5133,7
5134,8
5135,11
5136,8
5137,16
5138,3
5139,17
5140,12
5141,3
5142,2
5143,4
5144,1
5145,1
5146,1
5147,24
5148,15
5149,2
5150,13
5151,2
5152,19
5153,23
5154,19
5155,22
5156,17
5157,15
5158,18
5159,7
5160,1
5161,10
5162,18
5163,3
5164,1
5165,10
5166,12
5167,16
5168,11
5169,4
5170,17
5171,2
5172,21
5173,10
5174,12
5175,20
5176,11
5177,19
5178,1
5179,15
5180,1
5181,18
5182,24
5183,5
5184,16
5185,21
5186,24
5187,24
5188,6
5189,3
5190,18
5191,17
5192,16
5193,15
5194,14
5195,17
5196,2
5197,8
5198,12
5199,0
5200,4
5201,7
5202,7
5203,22
5204,23
5205,1
5206,23
5207,15
5208,20
5209,19
5210,5
5211,3
5212,21
5213,10
5214,19
5215,23
5216,3
5217,16
5218,11
5219,0
5220,18
5221,4
5222,12
5223,11
5224,11
5225,24
5226,7
5227,24
5228,6
5229,14
5230,22
5231,12
5232,4
5233,11
5234,11
5235,11
5236,21
5237,19
5238,15
5239,0
5240,13
5241,23
5242,19
5243,4
5244,7
5245,8
5246,15
5247,11
5248,18
5249,22
5250,0
5251,4
5252,16
5253,3
5254,0
5255,20
5256,2
5257,2
5258,7
5259,23
5260,10
5261,16
5262,8
5263,3
5264,16
5265,17
5266,1
5267,1
5268,20
5269,18
5270,21
5271,5
5272,11
5273,4
5274,4
5275,0
5276,21
5277,11
5278,21
5279,5
5280,0
5281,3
5282,2
5283,23
5284,0
5285,18
5286,0
5287,17
5288,0
5289,7
5290,11
5291,23
5292,20
5293,1
5294,17
5295,11
5296,2
5297,3
5298,1
5299,5
5300,6
5301,22
5302,4
5303,4
5304,22
5305,10
5306,4
5307,3
5308,7
5309,11
5310,2
5311,6
5312,1
5313,23
5314,5
5315,5
5316,13
5317,13
5318,8
5319,18
5320,18
5321,23
5322,19
5323,7
5324,14
5325,18
5326,10
5327,4
5328,2
5329,13
5330,4
5331,21
5332,4
5333,1
5334,7
5335,8
5336,7
5337,7
5338,23
5339,7
5340,23
5341,1
5342,15
5343,13
5344,4
5345,14
5346,8
5347,21
5348,11
5349,5
5350,14
5351,7
5352,18
5353,12
5354,2
5355,24
5356,10
5357,15
5358,7
5359,19
5360,0
5361,4
5362,16
5363,15
5364,11
5365,24
5366,22
5367,10
5368,23
5369,2
5370,24
5371,23
5372,24
5373,8
5374,12
5375,21
5376,1
5377,0
5378,4
5379,7
5380,6
5381,16
5382,23
5383,10
5384,11
5385,10
5386,19
5387,19
5388,11
5389,24
5390,24
5391,15
5392,13
5393,19
5394,15
5395,18
5396,1
5397,16
5398,23
5399,12
5400,1
5401,23
5402,4
5403,0
5404,14
5405,11
5406,1
5407,15
5408,1
5409,1
5410,13
5411,5
5412,17
5413,16
5414,17
5415,13
5416,23
5417,16
5418,21
5419,8
5420,16
5421,18
5422,17
5423,4
5424,5
5425,7
5426,13
5427,17
5428,12
5429,5
5430,13
5431,15
5432,15
5433,0
5434,11
5435,5
5436,1
5437,5
5438,10
5439,8
5440,17
5441,22
5442,15
5443,23
5444,11
5445,12
5446,21
5447,22
5448,7
5449,4
5450,21
5451,19
5452,2
5453,10
5454,22
5455,19
5456,11
5457,22
5458,1
5459,11
5460,1
5461,21
5462,12
5463,0
5464,7
5465,4
5466,16
5467,18
5468,7
5469,21
5470,14
5471,17
5472,23
5473,4
5474,23
5475,20
5476,12
5477,18
5478,16
5479,12
5480,19
5481,20
5482,19
5483,10
5484,24
5485,1
5486,23
5487,23
5488,21
5489,14
5490,6
5491,12
5492,6
5493,2
5494,3
5495,19
5496,17
5497,5
5498,22
5499,7
5500,7
5501,14
5502,7
5503,2
5504,4
5505,12
5506,23
5507,23
5508,23
5509,18
5510,7
5511,23
5512,12
5513,16
5514,20
5515,8
5516,7
5517,5
5518,7
5519,12
5520,3
5521,3
5522,23
5523,8
5524,23
5525,10
5526,6
5527,21
5528,15
5529,17
5530,23
5531,22
5532,19
5533,15
5534,13
5535,23
5536,5
5537,5
5538,11
5539,7
5540,24
5541,0
5542,18
5543,7
5544,5
5545,8
5546,5
5547,4
5548,8
5549,21
5550,2
5551,12
5552,20
5553,13
5554,8
5555,20
5556,24
5557,3
5558,5
5559,24
5560,4
5561,23
5562,23
5563,3
5564,12
5565,5
5566,18
5567,23
5568,12
5569,23
5570,18
5571,22
5572,1
5573,7
5574,11
5575,4
5576,4
5577,3
5578,3
5579,17
5580,6
5581,24
5582,15
5583,17
5584,11
5585,2
5586,21
5587,0
5588,19
5589,16
5590,16
5591,7
5592,11
5593,16
5594,6
5595,12
5596,0
5597,12
5598,1
5599,0
5600,3
5601,17
5602,21
5603,7
5604,23
5605,5
5606,0
5607,8
5608,2
5609,18
5610,23
5611,12
5612,1
5613,19
5614,5
5615,17
5616,7
5617,4
5618,2
5619,5
5620,12
5621,5
5622,15
5623,12
5624,15
5625,2
5626,0
5627,16
5628,12
5629,12
5630,21
5631,18
5632,15
5633,8
5634,15
5635,14
5636,12
5637,23
5638,1
5639,23
5640,23
5641,4
5642,19
5643,11
5644,21
5645,4
5646,8
5647,24
5648,11
5649,15
5650,23
5651,0
5652,24
5653,13
5654,12
5655,3
5656,15
5657,8
5658,19
5659,8
5660,3
5661,24
5662,11
5663,20
5664,1
5665,5
5666,1
5667,4
5668,8
5669,10
5670,10
5671,10
5672,11
5673,0
5674,18
5675,11
5676,18
5677,8
5678,10
5679,23
5680,3
5681,16
5682,23
5683,8
5684,2
5685,13
5686,23
5687,1
5688,12
5689,8
5690,23
5691,17
5692,17
5693,10
5694,21
5695,1
5696,11
5697,4
5698,11
5699,1
5700,12
5701,21
5702,6
5703,18
5704,12
5705,15
5706,23
5707,13
5708,21
5709,2
5710,16
5711,18
5712,22
5713,18
5714,5
5715,0
5716,2
5717,10
5718,17
5719,15
5720,18
5721,15
5722,6
5723,5
5724,4
5725,21
5726,12
5727,18
5728,21
5729,8
5730,21
5731,4
5732,12
5733,0
5734,24
5735,21
5736,0
5737,0
5738,12
5739,16
5740,21
5741,12
5742,8
5743,2
5744,1
5745,4
5746,7
5747,21
5748,16
5749,0
5750,12
5751,1
5752,4
5753,12
5754,2
5755,12
5756,19
5757,8
5758,24
5759,18
5760,12
5761,8
5762,5
5763,17
5764,8
5765,12
5766,8
5767,22
5768,24
5769,23
5770,4
5771,10
5772,16
5773,11
5774,24
5775,0
5776,3
5777,12
5778,13
5779,17
5780,2
5781,7
5782,21
5783,11
5784,7
5785,12
5786,12
5787,11
5788,7
5789,19
5790,17
5791,21
5792,11
5793,16
5794,0
5795,23
5796,2
5797,5
5798,7
5799,13
5800,21
5801,12
5802,15
5803,17
5804,8
5805,3
5806,4
5807,23
5808,15
5809,2
5810,10
5811,23
5812,4
5813,12
5814,21
5815,7
5816,21
5817,16
5818,12
5819,23
5820,1
5821,18
5822,15
5823,11
5824,6
5825,17
5826,10
5827,23
5828,8
5829,18
5830,20
5831,0
5832,0
5833,5
5834,5
5835,19
5836,0
5837,7
5838,1
5839,0
5840,0
5841,16
5842,12
5843,18
5844,23
5845,18
5846,22
5847,24
5848,22
5849,20
5850,13
5851,5
5852,13
5853,1
5854,20
5855,0
5856,7
5857,21
5858,5
5859,17
5860,1
5861,14
5862,19
5863,5
5864,23
5865,0
5866,13
5867,21
5868,18
5869,8
5870,5
5871,22
5872,7
5873,7
5874,18
5875,13
5876,4
5877,4
5878,20
5879,1
5880,7
5881,1
5882,24
5883,23
5884,2
5885,4
5886,21
5887,2
5888,17
5889,1
5890,3
5891,8
5892,8
5893,12
5894,1
5895,18
5896,18
5897,0
5898,2
5899,17
5900,0
5901,19
5902,17
5903,12
5904,17
5905,7
5906,23
5907,2
5908,11
5909,19
5910,4
5911,18
5912,2
5913,1
5914,17
5915,23
5916,10
5917,24
5918,19
5919,0
5920,5
5921,0
5922,13
5923,19
5924,1
5925,10
5926,6
5927,5
5928,15
5929,4
5930,23
5931,16
5932,5
5933,12
5934,7
5935,12
5936,21
5937,11
5938,10
5939,5
5940,19
5941,0
5942,6
5943,0
5944,22
5945,16
5946,19
5947,15
5948,12
5949,13
5950,19
5951,11
5952,18
5953,1
5954,0
5955,13
5956,12
5957,24
5958,0
5959,13
5960,0
5961,15
5962,18
5963,3
5964,10
5965,19
5966,23
5967,3
5968,1
5969,4
5970,18
5971,0
5972,11
5973,23
5974,15
5975,20
5976,11
5977,12
5978,12
5979,17
5980,22
5981,5
5982,12
5983,18
5984,11
5985,20
5986,14
5987,0
5988,5
5989,7
5990,7
5991,13
5992,4
5993,11
5994,7
5995,8
5996,1
5997,4
5998,12
5999,1
6000,5
6001,10
6002,14
6003,12
6004,4
6005,15
6006,8
6007,5
6008,23
6009,5
6010,4
6011,8
6012,11
6013,11
6014,24
6015,2
6016,4
6017,4
6018,7
6019,16
6020,16
6021,11
6022,1
6023,5
6024,20
6025,23
6026,6
6027,1
6028,7
6029,12
6030,6
6031,11
6032,19
6033,12
6034,1
6035,7
6036,22
6037,0
6038,18
6039,0
6040,8
6041,17
6042,2
6043,19
6044,4
6045,8
6046,3
6047,24
6048,4
6049,15
6050,0
6051,16
6052,21
6053,4
6054,11
6055,21
6056,0
6057,11
6058,0
6059,6
6060,13
6061,12
6062,10
6063,6
6064,6
6065,17
6066,21
6067,12
6068,5
6069,15
6070,12
6071,12
6072,13
6073,17
6074,5
6075,17
6076,5
6077,16
6078,12
6079,15
6080,17
6081,3
6082,13
6083,12
6084,1
6085,15
6086,14
6087,22
6088,15
6089,6
6090,20
6091,20
6092,4
6093,1
6094,7
6095,4
6096,4
6097,4
6098,11
6099,24
6100,18
6101,11
6102,21
6103,0
6104,10
6105,21
6106,23
6107,4
6108,7
6109,12
6110,5
6111,1
6112,15
6113,4
6114,24
6115,12
6116,15
6117,0
6118,8
6119,6
6120,0
6121,19
6122,5
6123,5
6124,0
6125,16
6126,24
6127,4
6128,16
6129,24
6130,0
6131,24
6132,19
6133,12
6134,24
6135,4
6136,12
6137,8
6138,10
6139,0
6140,0
6141,15
6142,12
6143,10
6144,23
6145,8
6146,2
6147,13
6148,20
6149,7
6150,17
6151,2
6152,0
6153,2
6154,22
6155,5
6156,4
6157,5
6158,21
6159,21
6160,17
6161,2
6162,11
6163,19
6164,8
6165,13
6166,4
6167,11
6168,23
6169,13
6170,13
6171,15
6172,5
6173,16
6174,4
6175,3
6176,14
6177,15
6178,5
6179,7
6180,12
6181,18
6182,3
6183,11
6184,11
6185,2
6186,7
6187,5
6188,12
6189,8
6190,8
6191,24
6192,4
6193,6
6194,0
6195,13
6196,13
6197,15
6198,11
6199,15
6200,13
6201,24
6202,16
6203,18
6204,17
6205,2
6206,17
6207,5
6208,24
6209,23
6210,0
6211,8
6212,5
6213,8
6214,7
6215,10
6216,8
6217,8
6218,12
6219,13
6220,4
6221,20
6222,4
6223,3
6224,2
6225,4
6226,18
6227,3
6228,3
6229,12
6230,10
6231,12
6232,6
6233,0
6234,14
6235,12
6236,14
6237,15
6238,7
6239,10
6240,14
6241,2
6242,11
6243,14
6244,21
6245,6
6246,18
6247,23
6248,23
6249,10
6250,0
6251,20
6252,8
6253,10
6254,3
6255,11
6256,23
6257,2
6258,3
6259,12
6260,19
6261,15
6262,5
6263,12
6264,13
6265,15
6266,7
6267,2
6268,3
6269,4
6270,24
6271,24
6272,23
6273,7
6274,19
6275,5
6276,11
6277,21
6278,1
6279,15
6280,11
6281,24
6282,15
6283,5
6284,5
6285,13
6286,6
6287,15
6288,0
6289,10
6290,15
6291,11
6292,19
6293,15
6294,18
6295,12
6296,8
6297,4
6298,15
6299,22
6300,0
6301,11
6302,11
6303,4
6304,14
6305,14
6306,11
6307,13
6308,19
6309,16
6310,7
6311,15
6312,10
6313,20
6314,7
6315,3
6316,23
6317,7
6318,0
6319,8
6320,4
6321,0
6322,20
6323,15
6324,4
6325,17
6326,18
6327,19
6328,5
6329,23
6330,22
6331,10
6332,16
6333,6
6334,17
6335,18
6336,23
6337,0
6338,23
6339,11
6340,11
6341,3
6342,21
6343,15
6344,11
6345,0
6346,24
6347,0
6348,5
6349,7
6350,8
6351,1
6352,0
6353,21
6354,17
6355,19
6356,13
6357,4
6358,4
6359,12
6360,23
6361,13
6362,23
6363,3
6364,19
6365,15
6366,0
6367,23
6368,3
6369,5
6370,15
6371,13
6372,17
6373,8
6374,8
6375,23
6376,17
6377,18
6378,4
6379,7
6380,4
6381,7
6382,2
6383,1
6384,16
6385,11
6386,6
6387,2
6388,18
6389,0
6390,4
6391,7
6392,10
6393,4
6394,5
6395,0
6396,2
6397,5
6398,12
6399,8
6400,1
6401,4
6402,12
6403,7
6404,17
6405,4
6406,15
6407,17
6408,0
6409,1
6410,14
6411,23
6412,23
6413,10
6414,21
6415,1
6416,16
6417,11
6418,13
6419,5
6420,17
6421,4
6422,8
6423,5
6424,0
6425,23
6426,11
6427,13
6428,14
6429,16
6430,10
6431,21
6432,2
6433,18
6434,21
6435,16
6436,6
6437,16
6438,16
6439,11
6440,11
6441,23
6442,2
6443,17
6444,23
6445,20
6446,1
6447,22
6448,4
6449,7
6450,24
6451,24
6452,13
6453,18
6454,23
6455,13
6456,2
6457,7
6458,22
6459,15
6460,14
6461,7
6462,17
6463,2
6464,15
6465,1
6466,2
6467,1
6468,8
6469,13
6470,24
6471,11
6472,6
6473,4
6474,11
6475,20
6476,3
6477,11
6478,15
6479,1
6480,17
6481,22
6482,18
6483,11
6484,24
6485,2
6486,5
6487,20
6488,7
6489,6
6490,17
6491,1
6492,3
6493,10
6494,18
6495,5
6496,2
6497,7
6498,11
6499,15
6500,11
6501,4
6502,3
6503,23
6504,17
6505,15
6506,8
6507,8
6508,21
6509,13
6510,0
6511,16
6512,12
6513,7
6514,8
6515,8
6516,1
6517,6
6518,11
6519,16
6520,23
6521,4
6522,7
6523,15
6524,8
6525,10
6526,5
6527,12
6528,23
6529,5
6530,12
6531,2
6532,21
6533,23
6534,5
6535,5
6536,20
6537,23
6538,1
6539,2
6540,0
6541,18
6542,8
6543,21
6544,20
6545,8
6546,18
6547,22
6548,7
6549,17
6550,7
6551,22
6552,23
6553,16
6554,11
6555,0
6556,22
6557,10
6558,5
6559,7
6560,1
6561,1
6562,11
6563,6
6564,4
6565,21
6566,20
6567,6
6568,13
6569,3
6570,16
6571,1
6572,21
6573,2
6574,11
6575,12
6576,16
6577,11
6578,0
6579,3
6580,21
6581,12
6582,18
6583,10
6584,13
6585,7
6586,2
6587,17
6588,22
6589,18
6590,15
6591,11
6592,16
6593,17
6594,4
6595,14
6596,23
6597,18
6598,12
6599,0
6600,23
6601,7
6602,23
6603,2
6604,13
6605,12
6606,0
6607,6
6608,6
6609,6
6610,12
6611,3
6612,1
6613,11
6614,0
6615,14
6616,13
6617,20
6618,10
6619,2
6620,24
6621,15
6622,5
6623,1
6624,11
6625,1
6626,3
6627,4
6628,5
6629,11
6630,13
6631,7
6632,6
6633,2
6634,6
6635,0
6636,8
6637,8
6638,15
6639,0
6640,16
6641,23
6642,13
6643,0
6644,14
6645,14
6646,15
6647,1
6648,16
6649,10
6650,15
6651,24
6652,19
6653,3
6654,22
6655,4
6656,3
6657,17
6658,21
6659,14
6660,18
6661,14
6662,3
6663,11
6664,15
6665,1
6666,18
6667,24
6668,11
6669,11
6670,16
6671,7
6672,13
6673,21
6674,5
6675,15
6676,22
6677,23
6678,12
6679,8
6680,7
6681,8
6682,8
6683,19
6684,1
6685,12
6686,17
6687,13
6688,24
6689,8
6690,8
6691,7
6692,17
6693,2
6694,2
6695,18
6696,2
6697,17
6698,5
6699,21
6700,21
6701,2
6702,4
6703,17
6704,12
6705,2
6706,7
6707,22
6708,12
6709,11
6710,15
6711,6
6712,7
6713,2
6714,8
6715,18
6716,22
6717,21
6718,6
6719,10
6720,0
6721,0
6722,16
6723,5
6724,0
6725,11
6726,22
6727,2
6728,12
6729,11
6730,6
6731,3
6732,5
6733,4
6734,10
6735,4
6736,15
6737,6
6738,7
6739,13
6740,11
6741,12
6742,11
6743,5
6744,23
6745,21
6746,4
6747,11
6748,23
6749,12
6750,16
6751,15
6752,12
6753,0
6754,14
6755,8
6756,2
6757,7
6758,12
6759,22
6760,11
6761,12
6762,10
6763,23
6764,23
6765,7
6766,1
6767,21
6768,13
6769,12
6770,17
6771,2
6772,7
6773,21
6774,0
6775,19
6776,23
6777,5
6778,3
6779,12
6780,1
6781,12
6782,5
6783,17
6784,0
6785,4
6786,13
6787,5
6788,21
6789,24
6790,15
6791,21
6792,21
6793,22
6794,22
6795,8
6796,8
6797,10
6798,16
6799,8
6800,17
6801,15
6802,4
6803,6
6804,23
6805,3
6806,22
6807,18
6808,12
6809,21
6810,16
6811,11
6812,7
6813,22
6814,11
6815,15
6816,5
6817,2
6818,24
6819,6
6820,5
6821,4
6822,21
6823,2
6824,17
6825,8
6826,0
6827,12
6828,4
6829,19
6830,23
6831,20
6832,10
6833,18
6834,3
6835,11
6836,6
6837,1
6838,13
6839,10
6840,13
6841,8
6842,0
6843,6
6844,2
6845,2
6846,24
6847,0
6848,8
6849,4
6850,12
6851,7
6852,16
6853,6
6854,24
6855,23
6856,21
6857,21
6858,11
6859,23
6860,1
6861,2
6862,0
6863,17
6864,0
6865,19
6866,8
6867,15
6868,6
6869,1
6870,2
6871,18
6872,21
6873,15
6874,16
6875,21
6876,8
6877,0
6878,23
6879,16
6880,15
6881,17
6882,2
6883,14
6884,6
6885,11
6886,7
6887,17
6888,24
6889,6
6890,13
6891,15
6892,11
6893,19
6894,23
6895,15
6896,12
6897,16
6898,3
6899,2
6900,12
6901,0
6902,11
6903,11
6904,6
6905,5
6906,1
6907,11
6908,12
6909,11
6910,14
6911,6
6912,0
6913,21
6914,20
6915,2
6916,2
6917,17
6918,18
6919,4
6920,0
6921,23
6922,11
6923,15
6924,12
6925,0
6926,0
6927,12
6928,13
6929,16
6930,6
6931,17
6932,5
6933,7
6934,3
6935,18
6936,13
6937,12
6938,24
6939,21
6940,4
6941,8
6942,0
6943,0
6944,12
6945,12
6946,14
6947,3
6948,10
6949,4
6950,10
6951,23
6952,21
6953,16
6954,7
6955,17
6956,16
6957,18
6958,15
6959,2
6960,11
6961,21
6962,16
6963,21
6964,8
6965,0
6966,16
6967,8
6968,1
6969,8
6970,1
6971,3
6972,10
6973,10
6974,14
6975,15
6976,1
6977,1
6978,21
6979,0
6980,17
6981,16
6982,5
6983,14
6984,6
6985,15
6986,0
6987,11
6988,13
6989,15
6990,17
6991,8
6992,7
6993,5
6994,15
6995,4
6996,24
6997,11
6998,4
6999,2
7000,21
7001,5
7002,12
7003,16
7004,22
7005,24
7006,3
7007,21
7008,7
7009,10
7010,15
7011,23
7012,7
7013,6
7014,0
7015,12
7016,0
7017,5
7018,2
7019,7
7020,4
7021,15
7022,12
7023,8
7024,8
7025,3
7026,23
7027,19
7028,14
7029,20
7030,13
7031,19
7032,21
7033,17
7034,17
7035,4
7036,11
7037,11
7038,7
7039,20
7040,4
7041,15
7042,15
7043,21
7044,4
7045,13
7046,2
7047,7
7048,5
7049,4
7050,23
7051,11
7052,7
7053,24
7054,19
7055,15
7056,19
7057,15
7058,23
7059,14
7060,12
7061,12
7062,22
7063,15
7064,10
7065,2
7066,24
7067,15
7068,11
7069,3
7070,6
7071,11
7072,4
7073,19
7074,3
7075,24
7076,0
7077,3
7078,4
7079,11
7080,2
7081,0
7082,0
7083,10
7084,21
7085,4
7086,3
7087,8
7088,12
7089,1
7090,16
7091,8
7092,11
7093,12
7094,8
7095,19
7096,2
7097,16
7098,15
7099,3
7100,15
7101,12
7102,2
7103,0
7104,17
7105,6
7106,4
7107,8
7108,15
7109,10
7110,4
7111,24
7112,8
7113,24
7114,5
7115,1
7116,13
7117,2
7118,15
7119,8
7120,15
7121,12
7122,7
7123,13
7124,10
7125,23
7126,8
7127,17
7128,3
7129,21
7130,7
7131,0
7132,4
7133,0
7134,0
7135,24
7136,11
7137,19
7138,5
7139,5
7140,5
7141,10
7142,0
7143,16
7144,18
7145,4
7146,12
7147,16
7148,7
7149,3
7150,15
7151,23
7152,1
7153,13
7154,8
7155,18
7156,20
7157,7
7158,12
7159,3
7160,23
7161,24
7162,23
7163,4
7164,14
7165,8
7166,12
7167,1
7168,8
7169,2
7170,4
7171,2
